Date/Time,Average Real Power (W)
2021-02-01 00:05:00 -0600,0
2021-02-01 00:10:00 -0600,0
2021-02-01 00:15:00 -0600,0
2021-02-01 00:20:00 -0600,0
2021-02-01 00:25:00 -0600,0
2021-02-01 00:30:00 -0600,0
2021-02-01 00:35:00 -0600,0
2021-02-01 00:40:00 -0600,0
2021-02-01 00:45:00 -0600,0
2021-02-01 00:50:00 -0600,0
2021-02-01 00:55:00 -0600,0
2021-02-01 01:00:00 -0600,0
2021-02-01 01:05:00 -0600,0
2021-02-01 01:10:00 -0600,0
2021-02-01 01:15:00 -0600,0
2021-02-01 01:20:00 -0600,0
2021-02-01 01:25:00 -0600,0
2021-02-01 01:30:00 -0600,0
2021-02-01 01:35:00 -0600,0
2021-02-01 01:40:00 -0600,0
2021-02-01 01:45:00 -0600,0
2021-02-01 01:50:00 -0600,0
2021-02-01 01:55:00 -0600,0
2021-02-01 02:00:00 -0600,0
2021-02-01 02:05:00 -0600,0
2021-02-01 02:10:00 -0600,0
2021-02-01 02:15:00 -0600,0
2021-02-01 02:20:00 -0600,0
2021-02-01 02:25:00 -0600,0
2021-02-01 02:30:00 -0600,0
2021-02-01 02:35:00 -0600,0
2021-02-01 02:40:00 -0600,0
2021-02-01 02:45:00 -0600,0
2021-02-01 02:50:00 -0600,0
2021-02-01 02:55:00 -0600,0
2021-02-01 03:00:00 -0600,0
2021-02-01 03:05:00 -0600,0
2021-02-01 03:10:00 -0600,0
2021-02-01 03:15:00 -0600,0
2021-02-01 03:20:00 -0600,0
2021-02-01 03:25:00 -0600,0
2021-02-01 03:30:00 -0600,0
2021-02-01 03:35:00 -0600,0
2021-02-01 03:40:00 -0600,0
2021-02-01 03:45:00 -0600,0
2021-02-01 03:50:00 -0600,0
2021-02-01 03:55:00 -0600,0
2021-02-01 04:00:00 -0600,0
2021-02-01 04:05:00 -0600,0
2021-02-01 04:10:00 -0600,0
2021-02-01 04:15:00 -0600,0
2021-02-01 04:20:00 -0600,0
2021-02-01 04:25:00 -0600,0
2021-02-01 04:30:00 -0600,0
2021-02-01 04:35:00 -0600,0
2021-02-01 04:40:00 -0600,0
2021-02-01 04:45:00 -0600,0
2021-02-01 04:50:00 -0600,0
2021-02-01 04:55:00 -0600,0
2021-02-01 05:00:00 -0600,0
2021-02-01 05:05:00 -0600,0
2021-02-01 05:10:00 -0600,0
2021-02-01 05:15:00 -0600,0
2021-02-01 05:20:00 -0600,0
2021-02-01 05:25:00 -0600,0
2021-02-01 05:30:00 -0600,0
2021-02-01 05:35:00 -0600,0
2021-02-01 05:40:00 -0600,0
2021-02-01 05:45:00 -0600,0
2021-02-01 05:50:00 -0600,0
2021-02-01 05:55:00 -0600,0
2021-02-01 06:00:00 -0600,0
2021-02-01 06:05:00 -0600,0
2021-02-01 06:10:00 -0600,0
2021-02-01 06:15:00 -0600,0
2021-02-01 06:20:00 -0600,0
2021-02-01 06:25:00 -0600,0
2021-02-01 06:30:00 -0600,0
2021-02-01 06:35:00 -0600,0
2021-02-01 06:40:00 -0600,0
2021-02-01 06:45:00 -0600,0
2021-02-01 06:50:00 -0600,0
2021-02-01 06:55:00 -0600,0
2021-02-01 07:00:00 -0600,0
2021-02-01 07:05:00 -0600,0
2021-02-01 07:10:00 -0600,0
2021-02-01 07:15:00 -0600,0
2021-02-01 07:20:00 -0600,0
2021-02-01 07:25:00 -0600,17
2021-02-01 07:30:00 -0600,53
2021-02-01 07:35:00 -0600,65
2021-02-01 07:40:00 -0600,65
2021-02-01 07:45:00 -0600,90
2021-02-01 07:50:00 -0600,110
2021-02-01 07:55:00 -0600,110
2021-02-01 08:00:00 -0600,149
2021-02-01 08:05:00 -0600,163
2021-02-01 08:10:00 -0600,163
2021-02-01 08:15:00 -0600,238
2021-02-01 08:20:00 -0600,272
2021-02-01 08:25:00 -0600,272
2021-02-01 08:30:00 -0600,359
2021-02-01 08:35:00 -0600,406
2021-02-01 08:40:00 -0600,406
2021-02-01 08:45:00 -0600,516
2021-02-01 08:50:00 -0600,573
2021-02-01 08:55:00 -0600,573
2021-02-01 09:00:00 -0600,733
2021-02-01 09:05:00 -0600,828
2021-02-01 09:10:00 -0600,828
2021-02-01 09:15:00 -0600,1001
2021-02-01 09:20:00 -0600,1116
2021-02-01 09:25:00 -0600,1116
2021-02-01 09:30:00 -0600,4048
2021-02-01 09:35:00 -0600,5140
2021-02-01 09:40:00 -0600,5140
2021-02-01 09:45:00 -0600,6810
2021-02-01 09:50:00 -0600,7186
2021-02-01 09:55:00 -0600,7186
2021-02-01 10:00:00 -0600,7420
2021-02-01 10:05:00 -0600,8013
2021-02-01 10:10:00 -0600,8013
2021-02-01 10:15:00 -0600,8102
2021-02-01 10:20:00 -0600,8722
2021-02-01 10:25:00 -0600,8722
2021-02-01 10:30:00 -0600,7418
2021-02-01 10:35:00 -0600,7834
2021-02-01 10:40:00 -0600,7834
2021-02-01 10:45:00 -0600,7604
2021-02-01 10:50:00 -0600,8145
2021-02-01 10:55:00 -0600,8145
2021-02-01 11:00:00 -0600,7809
2021-02-01 11:05:00 -0600,8268
2021-02-01 11:10:00 -0600,8268
2021-02-01 11:15:00 -0600,7813
2021-02-01 11:20:00 -0600,8270
2021-02-01 11:25:00 -0600,8270
2021-02-01 11:30:00 -0600,7328
2021-02-01 11:35:00 -0600,7776
2021-02-01 11:40:00 -0600,7776
2021-02-01 11:45:00 -0600,7544
2021-02-01 11:50:00 -0600,8034
2021-02-01 11:55:00 -0600,8034
2021-02-01 12:00:00 -0600,7152
2021-02-01 12:05:00 -0600,7724
2021-02-01 12:10:00 -0600,7724
2021-02-01 12:15:00 -0600,7309
2021-02-01 12:20:00 -0600,7623
2021-02-01 12:25:00 -0600,7623
2021-02-01 12:30:00 -0600,7090
2021-02-01 12:35:00 -0600,7447
2021-02-01 12:40:00 -0600,7447
2021-02-01 12:45:00 -0600,6691
2021-02-01 12:50:00 -0600,7040
2021-02-01 12:55:00 -0600,7040
2021-02-01 13:00:00 -0600,6369
2021-02-01 13:05:00 -0600,6690
2021-02-01 13:10:00 -0600,6690
2021-02-01 13:15:00 -0600,6328
2021-02-01 13:20:00 -0600,6673
2021-02-01 13:25:00 -0600,6673
2021-02-01 13:30:00 -0600,6545
2021-02-01 13:35:00 -0600,6980
2021-02-01 13:40:00 -0600,6980
2021-02-01 13:45:00 -0600,6757
2021-02-01 13:50:00 -0600,7216
2021-02-01 13:55:00 -0600,7216
2021-02-01 14:00:00 -0600,7018
2021-02-01 14:05:00 -0600,7493
2021-02-01 14:10:00 -0600,7493
2021-02-01 14:15:00 -0600,7031
2021-02-01 14:20:00 -0600,7416
2021-02-01 14:25:00 -0600,7416
2021-02-01 14:30:00 -0600,6851
2021-02-01 14:35:00 -0600,7214
2021-02-01 14:40:00 -0600,7214
2021-02-01 14:45:00 -0600,7299
2021-02-01 14:50:00 -0600,7864
2021-02-01 14:55:00 -0600,7864
2021-02-01 15:00:00 -0600,7305
2021-02-01 15:05:00 -0600,7694
2021-02-01 15:10:00 -0600,7694
2021-02-01 15:15:00 -0600,7138
2021-02-01 15:20:00 -0600,7497
2021-02-01 15:25:00 -0600,7497
2021-02-01 15:30:00 -0600,6802
2021-02-01 15:35:00 -0600,7139
2021-02-01 15:40:00 -0600,7139
2021-02-01 15:45:00 -0600,6730
2021-02-01 15:50:00 -0600,7109
2021-02-01 15:55:00 -0600,7109
2021-02-01 16:00:00 -0600,6238
2021-02-01 16:05:00 -0600,6513
2021-02-01 16:10:00 -0600,6513
2021-02-01 16:15:00 -0600,5600
2021-02-01 16:20:00 -0600,5707
2021-02-01 16:25:00 -0600,5707
2021-02-01 16:30:00 -0600,4467
2021-02-01 16:35:00 -0600,4549
2021-02-01 16:40:00 -0600,4549
2021-02-01 16:45:00 -0600,3607
2021-02-01 16:50:00 -0600,3723
2021-02-01 16:55:00 -0600,3723
2021-02-01 17:00:00 -0600,2562
2021-02-01 17:05:00 -0600,2473
2021-02-01 17:10:00 -0600,2473
2021-02-01 17:15:00 -0600,994
2021-02-01 17:20:00 -0600,519
2021-02-01 17:25:00 -0600,519
2021-02-01 17:30:00 -0600,214
2021-02-01 17:35:00 -0600,125
2021-02-01 17:40:00 -0600,125
2021-02-01 17:45:00 -0600,39
2021-02-01 17:50:00 -0600,8
2021-02-01 17:55:00 -0600,8
2021-02-01 18:00:00 -0600,2
2021-02-01 18:05:00 -0600,0
2021-02-01 18:10:00 -0600,0
2021-02-01 18:15:00 -0600,0
2021-02-01 18:20:00 -0600,0
2021-02-01 18:25:00 -0600,0
2021-02-01 18:30:00 -0600,0
2021-02-01 18:35:00 -0600,0
2021-02-01 18:40:00 -0600,0
2021-02-01 18:45:00 -0600,0
2021-02-01 18:50:00 -0600,0
2021-02-01 18:55:00 -0600,0
2021-02-01 19:00:00 -0600,0
2021-02-01 19:05:00 -0600,0
2021-02-01 19:10:00 -0600,0
2021-02-01 19:15:00 -0600,0
2021-02-01 19:20:00 -0600,0
2021-02-01 19:25:00 -0600,0
2021-02-01 19:30:00 -0600,0
2021-02-01 19:35:00 -0600,0
2021-02-01 19:40:00 -0600,0
2021-02-01 19:45:00 -0600,0
2021-02-01 19:50:00 -0600,0
2021-02-01 19:55:00 -0600,0
2021-02-01 20:00:00 -0600,0
2021-02-01 20:05:00 -0600,0
2021-02-01 20:10:00 -0600,0
2021-02-01 20:15:00 -0600,0
2021-02-01 20:20:00 -0600,0
2021-02-01 20:25:00 -0600,0
2021-02-01 20:30:00 -0600,0
2021-02-01 20:35:00 -0600,0
2021-02-01 20:40:00 -0600,0
2021-02-01 20:45:00 -0600,0
2021-02-01 20:50:00 -0600,0
2021-02-01 20:55:00 -0600,0
2021-02-01 21:00:00 -0600,0
2021-02-01 21:05:00 -0600,0
2021-02-01 21:10:00 -0600,0
2021-02-01 21:15:00 -0600,0
2021-02-01 21:20:00 -0600,0
2021-02-01 21:25:00 -0600,0
2021-02-01 21:30:00 -0600,0
2021-02-01 21:35:00 -0600,0
2021-02-01 21:40:00 -0600,0
2021-02-01 21:45:00 -0600,0
2021-02-01 21:50:00 -0600,0
2021-02-01 21:55:00 -0600,0
2021-02-01 22:00:00 -0600,0
2021-02-01 22:05:00 -0600,0
2021-02-01 22:10:00 -0600,0
2021-02-01 22:15:00 -0600,0
2021-02-01 22:20:00 -0600,0
2021-02-01 22:25:00 -0600,0
2021-02-01 22:30:00 -0600,0
2021-02-01 22:35:00 -0600,0
2021-02-01 22:40:00 -0600,0
2021-02-01 22:45:00 -0600,0
2021-02-01 22:50:00 -0600,0
2021-02-01 22:55:00 -0600,0
2021-02-01 23:00:00 -0600,0
2021-02-01 23:05:00 -0600,0
2021-02-01 23:10:00 -0600,0
2021-02-01 23:15:00 -0600,0
2021-02-01 23:20:00 -0600,0
2021-02-01 23:25:00 -0600,0
2021-02-01 23:30:00 -0600,0
2021-02-01 23:35:00 -0600,0
2021-02-01 23:40:00 -0600,0
2021-02-01 23:45:00 -0600,0
2021-02-01 23:50:00 -0600,0
2021-02-01 23:55:00 -0600,0
2021-02-02 00:00:00 -0600,176
2021-02-02 00:05:00 -0600,215
2021-02-02 00:10:00 -0600,215
2021-02-02 00:15:00 -0600,215
2021-02-02 00:20:00 -0600,215
2021-02-02 00:25:00 -0600,215
2021-02-02 00:30:00 -0600,215
2021-02-02 00:35:00 -0600,215
2021-02-02 00:40:00 -0600,215
2021-02-02 00:45:00 -0600,215
2021-02-02 00:50:00 -0600,215
2021-02-02 00:55:00 -0600,215
2021-02-02 01:00:00 -0600,215
2021-02-02 01:05:00 -0600,215
2021-02-02 01:10:00 -0600,215
2021-02-02 01:15:00 -0600,215
2021-02-02 01:20:00 -0600,215
2021-02-02 01:25:00 -0600,215
2021-02-02 01:30:00 -0600,215
2021-02-02 01:35:00 -0600,215
2021-02-02 01:40:00 -0600,215
2021-02-02 01:45:00 -0600,215
2021-02-02 01:50:00 -0600,215
2021-02-02 01:55:00 -0600,215
2021-02-02 02:00:00 -0600,215
2021-02-02 02:05:00 -0600,215
2021-02-02 02:10:00 -0600,215
2021-02-02 02:15:00 -0600,215
2021-02-02 02:20:00 -0600,215
2021-02-02 02:25:00 -0600,215
2021-02-02 02:30:00 -0600,215
2021-02-02 02:35:00 -0600,215
2021-02-02 02:40:00 -0600,215
2021-02-02 02:45:00 -0600,215
2021-02-02 02:50:00 -0600,215
2021-02-02 02:55:00 -0600,215
2021-02-02 03:00:00 -0600,215
2021-02-02 03:05:00 -0600,215
2021-02-02 03:10:00 -0600,215
2021-02-02 03:15:00 -0600,215
2021-02-02 03:20:00 -0600,215
2021-02-02 03:25:00 -0600,215
2021-02-02 03:30:00 -0600,215
2021-02-02 03:35:00 -0600,215
2021-02-02 03:40:00 -0600,215
2021-02-02 03:45:00 -0600,215
2021-02-02 03:50:00 -0600,215
2021-02-02 03:55:00 -0600,215
2021-02-02 04:00:00 -0600,215
2021-02-02 04:05:00 -0600,215
2021-02-02 04:10:00 -0600,215
2021-02-02 04:15:00 -0600,215
2021-02-02 04:20:00 -0600,215
2021-02-02 04:25:00 -0600,215
2021-02-02 04:30:00 -0600,215
2021-02-02 04:35:00 -0600,215
2021-02-02 04:40:00 -0600,215
2021-02-02 04:45:00 -0600,215
2021-02-02 04:50:00 -0600,215
2021-02-02 04:55:00 -0600,215
2021-02-02 05:00:00 -0600,215
2021-02-02 05:05:00 -0600,215
2021-02-02 05:10:00 -0600,215
2021-02-02 05:15:00 -0600,215
2021-02-02 05:20:00 -0600,215
2021-02-02 05:25:00 -0600,215
2021-02-02 05:30:00 -0600,215
2021-02-02 05:35:00 -0600,215
2021-02-02 05:40:00 -0600,215
2021-02-02 05:45:00 -0600,215
2021-02-02 05:50:00 -0600,215
2021-02-02 05:55:00 -0600,215
2021-02-02 06:00:00 -0600,215
2021-02-02 06:05:00 -0600,215
2021-02-02 06:10:00 -0600,215
2021-02-02 06:15:00 -0600,215
2021-02-02 06:20:00 -0600,215
2021-02-02 06:25:00 -0600,215
2021-02-02 06:30:00 -0600,215
2021-02-02 06:35:00 -0600,215
2021-02-02 06:40:00 -0600,215
2021-02-02 06:45:00 -0600,215
2021-02-02 06:50:00 -0600,215
2021-02-02 06:55:00 -0600,215
2021-02-02 07:00:00 -0600,215
2021-02-02 07:05:00 -0600,215
2021-02-02 07:10:00 -0600,355
2021-02-02 07:15:00 -0600,928
2021-02-02 07:20:00 -0600,1091
2021-02-02 07:25:00 -0600,1105
2021-02-02 07:30:00 -0600,1122
2021-02-02 07:35:00 -0600,1174
2021-02-02 07:40:00 -0600,1174
2021-02-02 07:45:00 -0600,1454
2021-02-02 07:50:00 -0600,4268
2021-02-02 07:55:00 -0600,4474
2021-02-02 08:00:00 -0600,4531
2021-02-02 08:05:00 -0600,4804
2021-02-02 08:10:00 -0600,4804
2021-02-02 08:15:00 -0600,4900
2021-02-02 08:20:00 -0600,6164
2021-02-02 08:25:00 -0600,6164
2021-02-02 08:30:00 -0600,6071
2021-02-02 08:35:00 -0600,6776
2021-02-02 08:40:00 -0600,6776
2021-02-02 08:45:00 -0600,6562
2021-02-02 08:50:00 -0600,7320
2021-02-02 08:55:00 -0600,7320
2021-02-02 09:00:00 -0600,7117
2021-02-02 09:05:00 -0600,7762
2021-02-02 09:10:00 -0600,7762
2021-02-02 09:15:00 -0600,7447
2021-02-02 09:20:00 -0600,8045
2021-02-02 09:25:00 -0600,8045
2021-02-02 09:30:00 -0600,7666
2021-02-02 09:35:00 -0600,8293
2021-02-02 09:40:00 -0600,8293
2021-02-02 09:45:00 -0600,7806
2021-02-02 09:50:00 -0600,8498
2021-02-02 09:55:00 -0600,8519
2021-02-02 10:00:00 -0600,8057
2021-02-02 10:05:00 -0600,8674
2021-02-02 10:10:00 -0600,8674
2021-02-02 10:15:00 -0600,8303
2021-02-02 10:20:00 -0600,8710
2021-02-02 10:25:00 -0600,8710
2021-02-02 10:30:00 -0600,8154
2021-02-02 10:35:00 -0600,8660
2021-02-02 10:40:00 -0600,8660
2021-02-02 10:45:00 -0600,8204
2021-02-02 10:50:00 -0600,8520
2021-02-02 10:55:00 -0600,8520
2021-02-02 11:00:00 -0600,7937
2021-02-02 11:05:00 -0600,8364
2021-02-02 11:10:00 -0600,8364
2021-02-02 11:15:00 -0600,7808
2021-02-02 11:20:00 -0600,8104
2021-02-02 11:25:00 -0600,8104
2021-02-02 11:30:00 -0600,5425
2021-02-02 11:35:00 -0600,5798
2021-02-02 11:40:00 -0600,7615
2021-02-02 11:45:00 -0600,7615
2021-02-02 11:50:00 -0600,7615
2021-02-02 11:55:00 -0600,7615
2021-02-02 12:00:00 -0600,7615
2021-02-02 12:05:00 -0600,7615
2021-02-02 12:10:00 -0600,7615
2021-02-02 12:15:00 -0600,7615
2021-02-02 12:20:00 -0600,7615
2021-02-02 12:25:00 -0600,7615
2021-02-02 12:30:00 -0600,7615
2021-02-02 12:35:00 -0600,7615
2021-02-02 12:40:00 -0600,7615
2021-02-02 12:45:00 -0600,7615
2021-02-02 12:50:00 -0600,7615
2021-02-02 12:55:00 -0600,7615
2021-02-02 13:00:00 -0600,7615
2021-02-02 13:05:00 -0600,7615
2021-02-02 13:10:00 -0600,7615
2021-02-02 13:15:00 -0600,7615
2021-02-02 13:20:00 -0600,7615
2021-02-02 13:25:00 -0600,7615
2021-02-02 13:30:00 -0600,7615
2021-02-02 13:35:00 -0600,7615
2021-02-02 13:40:00 -0600,7615
2021-02-02 13:45:00 -0600,7407
2021-02-02 13:50:00 -0600,7255
2021-02-02 13:55:00 -0600,7462
2021-02-02 14:00:00 -0600,7049
2021-02-02 14:05:00 -0600,7443
2021-02-02 14:10:00 -0600,7443
2021-02-02 14:15:00 -0600,6970
2021-02-02 14:20:00 -0600,7293
2021-02-02 14:25:00 -0600,7293
2021-02-02 14:30:00 -0600,6869
2021-02-02 14:35:00 -0600,7187
2021-02-02 14:40:00 -0600,7187
2021-02-02 14:45:00 -0600,6688
2021-02-02 14:50:00 -0600,6926
2021-02-02 14:55:00 -0600,6926
2021-02-02 15:00:00 -0600,6723
2021-02-02 15:05:00 -0600,7737
2021-02-02 15:10:00 -0600,7737
2021-02-02 15:15:00 -0600,7305
2021-02-02 15:20:00 -0600,7751
2021-02-02 15:25:00 -0600,7751
2021-02-02 15:30:00 -0600,7309
2021-02-02 15:35:00 -0600,7658
2021-02-02 15:40:00 -0600,7658
2021-02-02 15:45:00 -0600,7203
2021-02-02 15:50:00 -0600,7435
2021-02-02 15:55:00 -0600,7435
2021-02-02 16:00:00 -0600,6941
2021-02-02 16:05:00 -0600,7112
2021-02-02 16:10:00 -0600,7112
2021-02-02 16:15:00 -0600,6649
2021-02-02 16:20:00 -0600,6587
2021-02-02 16:25:00 -0600,6587
2021-02-02 16:30:00 -0600,6152
2021-02-02 16:35:00 -0600,5968
2021-02-02 16:40:00 -0600,5968
2021-02-02 16:45:00 -0600,5406
2021-02-02 16:50:00 -0600,4828
2021-02-02 16:55:00 -0600,4828
2021-02-02 17:00:00 -0600,4324
2021-02-02 17:05:00 -0600,3808
2021-02-02 17:10:00 -0600,3808
2021-02-02 17:15:00 -0600,3081
2021-02-02 17:20:00 -0600,1346
2021-02-02 17:25:00 -0600,1346
2021-02-02 17:30:00 -0600,1067
2021-02-02 17:35:00 -0600,152
2021-02-02 17:40:00 -0600,152
2021-02-02 17:45:00 -0600,117
2021-02-02 17:50:00 -0600,0
2021-02-02 17:55:00 -0600,0
2021-02-02 18:00:00 -0600,0
2021-02-02 18:05:00 -0600,0
2021-02-02 18:10:00 -0600,0
2021-02-02 18:15:00 -0600,0
2021-02-02 18:20:00 -0600,0
2021-02-02 18:25:00 -0600,0
2021-02-02 18:30:00 -0600,0
2021-02-02 18:35:00 -0600,0
2021-02-02 18:40:00 -0600,0
2021-02-02 18:45:00 -0600,0
2021-02-02 18:50:00 -0600,0
2021-02-02 18:55:00 -0600,0
2021-02-02 19:00:00 -0600,0
2021-02-02 19:05:00 -0600,0
2021-02-02 19:10:00 -0600,0
2021-02-02 19:15:00 -0600,0
2021-02-02 19:20:00 -0600,0
2021-02-02 19:25:00 -0600,0
2021-02-02 19:30:00 -0600,0
2021-02-02 19:35:00 -0600,0
2021-02-02 19:40:00 -0600,0
2021-02-02 19:45:00 -0600,0
2021-02-02 19:50:00 -0600,0
2021-02-02 19:55:00 -0600,0
2021-02-02 20:00:00 -0600,0
2021-02-02 20:05:00 -0600,0
2021-02-02 20:10:00 -0600,0
2021-02-02 20:15:00 -0600,0
2021-02-02 20:20:00 -0600,0
2021-02-02 20:25:00 -0600,0
2021-02-02 20:30:00 -0600,0
2021-02-02 20:35:00 -0600,0
2021-02-02 20:40:00 -0600,0
2021-02-02 20:45:00 -0600,0
2021-02-02 20:50:00 -0600,0
2021-02-02 20:55:00 -0600,0
2021-02-02 21:00:00 -0600,0
2021-02-02 21:05:00 -0600,0
2021-02-02 21:10:00 -0600,0
2021-02-02 21:15:00 -0600,0
2021-02-02 21:20:00 -0600,0
2021-02-02 21:25:00 -0600,0
2021-02-02 21:30:00 -0600,0
2021-02-02 21:35:00 -0600,0
2021-02-02 21:40:00 -0600,0
2021-02-02 21:45:00 -0600,0
2021-02-02 21:50:00 -0600,0
2021-02-02 21:55:00 -0600,0
2021-02-02 22:00:00 -0600,0
2021-02-02 22:05:00 -0600,0
2021-02-02 22:10:00 -0600,0
2021-02-02 22:15:00 -0600,0
2021-02-02 22:20:00 -0600,0
2021-02-02 22:25:00 -0600,0
2021-02-02 22:30:00 -0600,0
2021-02-02 22:35:00 -0600,0
2021-02-02 22:40:00 -0600,0
2021-02-02 22:45:00 -0600,0
2021-02-02 22:50:00 -0600,0
2021-02-02 22:55:00 -0600,0
2021-02-02 23:00:00 -0600,0
2021-02-02 23:05:00 -0600,0
2021-02-02 23:10:00 -0600,0
2021-02-02 23:15:00 -0600,0
2021-02-02 23:20:00 -0600,0
2021-02-02 23:25:00 -0600,0
2021-02-02 23:30:00 -0600,0
2021-02-02 23:35:00 -0600,0
2021-02-02 23:40:00 -0600,0
2021-02-02 23:45:00 -0600,0
2021-02-02 23:50:00 -0600,0
2021-02-02 23:55:00 -0600,0
2021-02-03 00:00:00 -0600,0
2021-02-03 00:05:00 -0600,0
2021-02-03 00:10:00 -0600,0
2021-02-03 00:15:00 -0600,0
2021-02-03 00:20:00 -0600,0
2021-02-03 00:25:00 -0600,0
2021-02-03 00:30:00 -0600,0
2021-02-03 00:35:00 -0600,0
2021-02-03 00:40:00 -0600,0
2021-02-03 00:45:00 -0600,0
2021-02-03 00:50:00 -0600,0
2021-02-03 00:55:00 -0600,0
2021-02-03 01:00:00 -0600,0
2021-02-03 01:05:00 -0600,0
2021-02-03 01:10:00 -0600,0
2021-02-03 01:15:00 -0600,0
2021-02-03 01:20:00 -0600,0
2021-02-03 01:25:00 -0600,0
2021-02-03 01:30:00 -0600,0
2021-02-03 01:35:00 -0600,0
2021-02-03 01:40:00 -0600,0
2021-02-03 01:45:00 -0600,0
2021-02-03 01:50:00 -0600,0
2021-02-03 01:55:00 -0600,0
2021-02-03 02:00:00 -0600,0
2021-02-03 02:05:00 -0600,0
2021-02-03 02:10:00 -0600,0
2021-02-03 02:15:00 -0600,0
2021-02-03 02:20:00 -0600,0
2021-02-03 02:25:00 -0600,0
2021-02-03 02:30:00 -0600,0
2021-02-03 02:35:00 -0600,0
2021-02-03 02:40:00 -0600,0
2021-02-03 02:45:00 -0600,0
2021-02-03 02:50:00 -0600,0
2021-02-03 02:55:00 -0600,0
2021-02-03 03:00:00 -0600,0
2021-02-03 03:05:00 -0600,0
2021-02-03 03:10:00 -0600,0
2021-02-03 03:15:00 -0600,0
2021-02-03 03:20:00 -0600,0
2021-02-03 03:25:00 -0600,0
2021-02-03 03:30:00 -0600,0
2021-02-03 03:35:00 -0600,0
2021-02-03 03:40:00 -0600,0
2021-02-03 03:45:00 -0600,0
2021-02-03 03:50:00 -0600,0
2021-02-03 03:55:00 -0600,0
2021-02-03 04:00:00 -0600,0
2021-02-03 04:05:00 -0600,0
2021-02-03 04:10:00 -0600,0
2021-02-03 04:15:00 -0600,0
2021-02-03 04:20:00 -0600,0
2021-02-03 04:25:00 -0600,0
2021-02-03 04:30:00 -0600,0
2021-02-03 04:35:00 -0600,0
2021-02-03 04:40:00 -0600,0
2021-02-03 04:45:00 -0600,23
2021-02-03 04:50:00 -0600,212
2021-02-03 04:55:00 -0600,212
2021-02-03 05:00:00 -0600,212
2021-02-03 05:05:00 -0600,212
2021-02-03 05:10:00 -0600,212
2021-02-03 05:15:00 -0600,212
2021-02-03 05:20:00 -0600,212
2021-02-03 05:25:00 -0600,212
2021-02-03 05:30:00 -0600,212
2021-02-03 05:35:00 -0600,212
2021-02-03 05:40:00 -0600,212
2021-02-03 05:45:00 -0600,212
2021-02-03 05:50:00 -0600,212
2021-02-03 05:55:00 -0600,212
2021-02-03 06:00:00 -0600,212
2021-02-03 06:05:00 -0600,212
2021-02-03 06:10:00 -0600,212
2021-02-03 06:15:00 -0600,212
2021-02-03 06:20:00 -0600,212
2021-02-03 06:25:00 -0600,212
2021-02-03 06:30:00 -0600,212
2021-02-03 06:35:00 -0600,212
2021-02-03 06:40:00 -0600,212
2021-02-03 06:45:00 -0600,212
2021-02-03 06:50:00 -0600,212
2021-02-03 06:55:00 -0600,212
2021-02-03 07:00:00 -0600,212
2021-02-03 07:05:00 -0600,212
2021-02-03 07:10:00 -0600,279
2021-02-03 07:15:00 -0600,1308
2021-02-03 07:20:00 -0600,1792
2021-02-03 07:25:00 -0600,1792
2021-02-03 07:30:00 -0600,1924
2021-02-03 07:35:00 -0600,2579
2021-02-03 07:40:00 -0600,2583
2021-02-03 07:45:00 -0600,2583
2021-02-03 07:50:00 -0600,2583
2021-02-03 07:55:00 -0600,2583
2021-02-03 08:00:00 -0600,3413
2021-02-03 08:05:00 -0600,4710
2021-02-03 08:10:00 -0600,4710
2021-02-03 08:15:00 -0600,5060
2021-02-03 08:20:00 -0600,5484
2021-02-03 08:25:00 -0600,5484
2021-02-03 08:30:00 -0600,5946
2021-02-03 08:35:00 -0600,6889
2021-02-03 08:40:00 -0600,6889
2021-02-03 08:45:00 -0600,6819
2021-02-03 08:50:00 -0600,7406
2021-02-03 08:55:00 -0600,7406
2021-02-03 09:00:00 -0600,6975
2021-02-03 09:05:00 -0600,7412
2021-02-03 09:10:00 -0600,7412
2021-02-03 09:15:00 -0600,6842
2021-02-03 09:20:00 -0600,7102
2021-02-03 09:25:00 -0600,7102
2021-02-03 09:30:00 -0600,6988
2021-02-03 09:35:00 -0600,7641
2021-02-03 09:40:00 -0600,7641
2021-02-03 09:45:00 -0600,7171
2021-02-03 09:50:00 -0600,8191
2021-02-03 09:55:00 -0600,8191
2021-02-03 10:00:00 -0600,8029
2021-02-03 10:05:00 -0600,8386
2021-02-03 10:10:00 -0600,8386
2021-02-03 10:15:00 -0600,7616
2021-02-03 10:20:00 -0600,8723
2021-02-03 10:25:00 -0600,8723
2021-02-03 10:30:00 -0600,8681
2021-02-03 10:35:00 -0600,8739
2021-02-03 10:40:00 -0600,8739
2021-02-03 10:45:00 -0600,8270
2021-02-03 10:50:00 -0600,8631
2021-02-03 10:55:00 -0600,8631
2021-02-03 11:00:00 -0600,7916
2021-02-03 11:05:00 -0600,8297
2021-02-03 11:10:00 -0600,8297
2021-02-03 11:15:00 -0600,7364
2021-02-03 11:20:00 -0600,7445
2021-02-03 11:25:00 -0600,7445
2021-02-03 11:30:00 -0600,6670
2021-02-03 11:35:00 -0600,7663
2021-02-03 11:40:00 -0600,7663
2021-02-03 11:45:00 -0600,7566
2021-02-03 11:50:00 -0600,7745
2021-02-03 11:55:00 -0600,7745
2021-02-03 12:00:00 -0600,7317
2021-02-03 12:05:00 -0600,7605
2021-02-03 12:10:00 -0600,7605
2021-02-03 12:15:00 -0600,4360
2021-02-03 12:20:00 -0600,7677
2021-02-03 12:25:00 -0600,7689
2021-02-03 12:30:00 -0600,7689
2021-02-03 12:35:00 -0600,7689
2021-02-03 12:40:00 -0600,7689
2021-02-03 12:45:00 -0600,7689
2021-02-03 12:50:00 -0600,7689
2021-02-03 12:55:00 -0600,7689
2021-02-03 13:00:00 -0600,7689
2021-02-03 13:05:00 -0600,7689
2021-02-03 13:10:00 -0600,7689
2021-02-03 13:15:00 -0600,7689
2021-02-03 13:20:00 -0600,7689
2021-02-03 13:25:00 -0600,7689
2021-02-03 13:30:00 -0600,7670
2021-02-03 13:35:00 -0600,7683
2021-02-03 13:40:00 -0600,7683
2021-02-03 13:45:00 -0600,7664
2021-02-03 13:50:00 -0600,7679
2021-02-03 13:55:00 -0600,7679
2021-02-03 14:00:00 -0600,7358
2021-02-03 14:05:00 -0600,7498
2021-02-03 14:10:00 -0600,7556
2021-02-03 14:15:00 -0600,7099
2021-02-03 14:20:00 -0600,7518
2021-02-03 14:25:00 -0600,7518
2021-02-03 14:30:00 -0600,7005
2021-02-03 14:35:00 -0600,7418
2021-02-03 14:40:00 -0600,7418
2021-02-03 14:45:00 -0600,6822
2021-02-03 14:50:00 -0600,7114
2021-02-03 14:55:00 -0600,7114
2021-02-03 15:00:00 -0600,6641
2021-02-03 15:05:00 -0600,6995
2021-02-03 15:10:00 -0600,6995
2021-02-03 15:15:00 -0600,6107
2021-02-03 15:20:00 -0600,6013
2021-02-03 15:25:00 -0600,6013
2021-02-03 15:30:00 -0600,6139
2021-02-03 15:35:00 -0600,7003
2021-02-03 15:40:00 -0600,7003
2021-02-03 15:45:00 -0600,6286
2021-02-03 15:50:00 -0600,6334
2021-02-03 15:55:00 -0600,6340
2021-02-03 16:00:00 -0600,5277
2021-02-03 16:05:00 -0600,4936
2021-02-03 16:10:00 -0600,4936
2021-02-03 16:15:00 -0600,3351
2021-02-03 16:20:00 -0600,2232
2021-02-03 16:25:00 -0600,2232
2021-02-03 16:30:00 -0600,1869
2021-02-03 16:35:00 -0600,1783
2021-02-03 16:40:00 -0600,1783
2021-02-03 16:45:00 -0600,1382
2021-02-03 16:50:00 -0600,1224
2021-02-03 16:55:00 -0600,1224
2021-02-03 17:00:00 -0600,916
2021-02-03 17:05:00 -0600,700
2021-02-03 17:10:00 -0600,700
2021-02-03 17:15:00 -0600,489
2021-02-03 17:20:00 -0600,308
2021-02-03 17:25:00 -0600,308
2021-02-03 17:30:00 -0600,200
2021-02-03 17:35:00 -0600,94
2021-02-03 17:40:00 -0600,94
2021-02-03 17:45:00 -0600,47
2021-02-03 17:50:00 -0600,0
2021-02-03 17:55:00 -0600,0
2021-02-03 18:00:00 -0600,0
2021-02-03 18:05:00 -0600,0
2021-02-03 18:10:00 -0600,0
2021-02-03 18:15:00 -0600,0
2021-02-03 18:20:00 -0600,0
2021-02-03 18:25:00 -0600,0
2021-02-03 18:30:00 -0600,0
2021-02-03 18:35:00 -0600,0
2021-02-03 18:40:00 -0600,0
2021-02-03 18:45:00 -0600,0
2021-02-03 18:50:00 -0600,0
2021-02-03 18:55:00 -0600,0
2021-02-03 19:00:00 -0600,0
2021-02-03 19:05:00 -0600,0
2021-02-03 19:10:00 -0600,0
2021-02-03 19:15:00 -0600,0
2021-02-03 19:20:00 -0600,0
2021-02-03 19:25:00 -0600,0
2021-02-03 19:30:00 -0600,0
2021-02-03 19:35:00 -0600,0
2021-02-03 19:40:00 -0600,0
2021-02-03 19:45:00 -0600,0
2021-02-03 19:50:00 -0600,0
2021-02-03 19:55:00 -0600,0
2021-02-03 20:00:00 -0600,0
2021-02-03 20:05:00 -0600,0
2021-02-03 20:10:00 -0600,0
2021-02-03 20:15:00 -0600,0
2021-02-03 20:20:00 -0600,0
2021-02-03 20:25:00 -0600,0
2021-02-03 20:30:00 -0600,0
2021-02-03 20:35:00 -0600,0
2021-02-03 20:40:00 -0600,0
2021-02-03 20:45:00 -0600,0
2021-02-03 20:50:00 -0600,0
2021-02-03 20:55:00 -0600,0
2021-02-03 21:00:00 -0600,0
2021-02-03 21:05:00 -0600,0
2021-02-03 21:10:00 -0600,0
2021-02-03 21:15:00 -0600,0
2021-02-03 21:20:00 -0600,0
2021-02-03 21:25:00 -0600,0
2021-02-03 21:30:00 -0600,0
2021-02-03 21:35:00 -0600,0
2021-02-03 21:40:00 -0600,0
2021-02-03 21:45:00 -0600,0
2021-02-03 21:50:00 -0600,0
2021-02-03 21:55:00 -0600,0
2021-02-03 22:00:00 -0600,0
2021-02-03 22:05:00 -0600,0
2021-02-03 22:10:00 -0600,0
2021-02-03 22:15:00 -0600,0
2021-02-03 22:20:00 -0600,0
2021-02-03 22:25:00 -0600,0
2021-02-03 22:30:00 -0600,0
2021-02-03 22:35:00 -0600,0
2021-02-03 22:40:00 -0600,0
2021-02-03 22:45:00 -0600,0
2021-02-03 22:50:00 -0600,0
2021-02-03 22:55:00 -0600,0
2021-02-03 23:00:00 -0600,0
2021-02-03 23:05:00 -0600,0
2021-02-03 23:10:00 -0600,0
2021-02-03 23:15:00 -0600,0
2021-02-03 23:20:00 -0600,0
2021-02-03 23:25:00 -0600,0
2021-02-03 23:30:00 -0600,0
2021-02-03 23:35:00 -0600,0
2021-02-03 23:40:00 -0600,0
2021-02-03 23:45:00 -0600,0
2021-02-03 23:50:00 -0600,0
2021-02-03 23:55:00 -0600,0
2021-02-04 00:00:00 -0600,0
2021-02-04 00:05:00 -0600,0
2021-02-04 00:10:00 -0600,0
2021-02-04 00:15:00 -0600,0
2021-02-04 00:20:00 -0600,0
2021-02-04 00:25:00 -0600,0
2021-02-04 00:30:00 -0600,0
2021-02-04 00:35:00 -0600,0
2021-02-04 00:40:00 -0600,0
2021-02-04 00:45:00 -0600,0
2021-02-04 00:50:00 -0600,0
2021-02-04 00:55:00 -0600,0
2021-02-04 01:00:00 -0600,0
2021-02-04 01:05:00 -0600,0
2021-02-04 01:10:00 -0600,0
2021-02-04 01:15:00 -0600,0
2021-02-04 01:20:00 -0600,0
2021-02-04 01:25:00 -0600,0
2021-02-04 01:30:00 -0600,0
2021-02-04 01:35:00 -0600,0
2021-02-04 01:40:00 -0600,0
2021-02-04 01:45:00 -0600,0
2021-02-04 01:50:00 -0600,0
2021-02-04 01:55:00 -0600,0
2021-02-04 02:00:00 -0600,0
2021-02-04 02:05:00 -0600,0
2021-02-04 02:10:00 -0600,0
2021-02-04 02:15:00 -0600,0
2021-02-04 02:20:00 -0600,0
2021-02-04 02:25:00 -0600,0
2021-02-04 02:30:00 -0600,0
2021-02-04 02:35:00 -0600,0
2021-02-04 02:40:00 -0600,0
2021-02-04 02:45:00 -0600,0
2021-02-04 02:50:00 -0600,0
2021-02-04 02:55:00 -0600,0
2021-02-04 03:00:00 -0600,0
2021-02-04 03:05:00 -0600,0
2021-02-04 03:10:00 -0600,0
2021-02-04 03:15:00 -0600,0
2021-02-04 03:20:00 -0600,0
2021-02-04 03:25:00 -0600,0
2021-02-04 03:30:00 -0600,0
2021-02-04 03:35:00 -0600,0
2021-02-04 03:40:00 -0600,0
2021-02-04 03:45:00 -0600,0
2021-02-04 03:50:00 -0600,0
2021-02-04 03:55:00 -0600,0
2021-02-04 04:00:00 -0600,0
2021-02-04 04:05:00 -0600,0
2021-02-04 04:10:00 -0600,0
2021-02-04 04:15:00 -0600,0
2021-02-04 04:20:00 -0600,0
2021-02-04 04:25:00 -0600,0
2021-02-04 04:30:00 -0600,0
2021-02-04 04:35:00 -0600,0
2021-02-04 04:40:00 -0600,0
2021-02-04 04:45:00 -0600,0
2021-02-04 04:50:00 -0600,0
2021-02-04 04:55:00 -0600,0
2021-02-04 05:00:00 -0600,0
2021-02-04 05:05:00 -0600,0
2021-02-04 05:10:00 -0600,0
2021-02-04 05:15:00 -0600,0
2021-02-04 05:20:00 -0600,0
2021-02-04 05:25:00 -0600,0
2021-02-04 05:30:00 -0600,0
2021-02-04 05:35:00 -0600,0
2021-02-04 05:40:00 -0600,0
2021-02-04 05:45:00 -0600,0
2021-02-04 05:50:00 -0600,0
2021-02-04 05:55:00 -0600,0
2021-02-04 06:00:00 -0600,0
2021-02-04 06:05:00 -0600,0
2021-02-04 06:10:00 -0600,0
2021-02-04 06:15:00 -0600,0
2021-02-04 06:20:00 -0600,0
2021-02-04 06:25:00 -0600,0
2021-02-04 06:30:00 -0600,0
2021-02-04 06:35:00 -0600,0
2021-02-04 06:40:00 -0600,0
2021-02-04 06:45:00 -0600,0
2021-02-04 06:50:00 -0600,0
2021-02-04 06:55:00 -0600,0
2021-02-04 07:00:00 -0600,0
2021-02-04 07:05:00 -0600,0
2021-02-04 07:10:00 -0600,0
2021-02-04 07:15:00 -0600,0
2021-02-04 07:20:00 -0600,0
2021-02-04 07:25:00 -0600,0
2021-02-04 07:30:00 -0600,26
2021-02-04 07:35:00 -0600,87
2021-02-04 07:40:00 -0600,109
2021-02-04 07:45:00 -0600,109
2021-02-04 07:50:00 -0600,113
2021-02-04 07:55:00 -0600,113
2021-02-04 08:00:00 -0600,114
2021-02-04 08:05:00 -0600,196
2021-02-04 08:10:00 -0600,209
2021-02-04 08:15:00 -0600,197
2021-02-04 08:20:00 -0600,241
2021-02-04 08:25:00 -0600,241
2021-02-04 08:30:00 -0600,228
2021-02-04 08:35:00 -0600,317
2021-02-04 08:40:00 -0600,318
2021-02-04 08:45:00 -0600,286
2021-02-04 08:50:00 -0600,231
2021-02-04 08:55:00 -0600,231
2021-02-04 09:00:00 -0600,204
2021-02-04 09:05:00 -0600,123
2021-02-04 09:10:00 -0600,127
2021-02-04 09:15:00 -0600,131
2021-02-04 09:20:00 -0600,259
2021-02-04 09:25:00 -0600,259
2021-02-04 09:30:00 -0600,236
2021-02-04 09:35:00 -0600,212
2021-02-04 09:40:00 -0600,212
2021-02-04 09:45:00 -0600,195
2021-02-04 09:50:00 -0600,207
2021-02-04 09:55:00 -0600,207
2021-02-04 10:00:00 -0600,192
2021-02-04 10:05:00 -0600,191
2021-02-04 10:10:00 -0600,191
2021-02-04 10:15:00 -0600,176
2021-02-04 10:20:00 -0600,182
2021-02-04 10:25:00 -0600,182
2021-02-04 10:30:00 -0600,190
2021-02-04 10:35:00 -0600,594
2021-02-04 10:40:00 -0600,596
2021-02-04 10:45:00 -0600,543
2021-02-04 10:50:00 -0600,478
2021-02-04 10:55:00 -0600,479
2021-02-04 11:00:00 -0600,429
2021-02-04 11:05:00 -0600,38
2021-02-04 11:10:00 -0600,38
2021-02-04 11:15:00 -0600,39
2021-02-04 11:20:00 -0600,106
2021-02-04 11:25:00 -0600,107
2021-02-04 11:30:00 -0600,111
2021-02-04 11:35:00 -0600,395
2021-02-04 11:40:00 -0600,397
2021-02-04 11:45:00 -0600,369
2021-02-04 11:50:00 -0600,390
2021-02-04 11:55:00 -0600,393
2021-02-04 12:00:00 -0600,380
2021-02-04 12:05:00 -0600,635
2021-02-04 12:10:00 -0600,647
2021-02-04 12:15:00 -0600,615
2021-02-04 12:20:00 -0600,810
2021-02-04 12:25:00 -0600,816
2021-02-04 12:30:00 -0600,770
2021-02-04 12:35:00 -0600,649
2021-02-04 12:40:00 -0600,660
2021-02-04 12:45:00 -0600,628
2021-02-04 12:50:00 -0600,978
2021-02-04 12:55:00 -0600,993
2021-02-04 13:00:00 -0600,947
2021-02-04 13:05:00 -0600,1002
2021-02-04 13:10:00 -0600,1029
2021-02-04 13:15:00 -0600,968
2021-02-04 13:20:00 -0600,844
2021-02-04 13:25:00 -0600,856
2021-02-04 13:30:00 -0600,811
2021-02-04 13:35:00 -0600,711
2021-02-04 13:40:00 -0600,726
2021-02-04 13:45:00 -0600,690
2021-02-04 13:50:00 -0600,861
2021-02-04 13:55:00 -0600,876
2021-02-04 14:00:00 -0600,849
2021-02-04 14:05:00 -0600,3008
2021-02-04 14:10:00 -0600,3116
2021-02-04 14:15:00 -0600,2999
2021-02-04 14:20:00 -0600,4702
2021-02-04 14:25:00 -0600,4807
2021-02-04 14:30:00 -0600,4595
2021-02-04 14:35:00 -0600,2668
2021-02-04 14:40:00 -0600,2781
2021-02-04 14:45:00 -0600,2635
2021-02-04 14:50:00 -0600,2748
2021-02-04 14:55:00 -0600,2850
2021-02-04 15:00:00 -0600,2780
2021-02-04 15:05:00 -0600,6224
2021-02-04 15:10:00 -0600,6458
2021-02-04 15:15:00 -0600,6245
2021-02-04 15:20:00 -0600,7652
2021-02-04 15:25:00 -0600,7783
2021-02-04 15:30:00 -0600,7525
2021-02-04 15:35:00 -0600,6811
2021-02-04 15:40:00 -0600,6992
2021-02-04 15:45:00 -0600,6847
2021-02-04 15:50:00 -0600,7125
2021-02-04 15:55:00 -0600,7376
2021-02-04 16:00:00 -0600,7193
2021-02-04 16:05:00 -0600,7228
2021-02-04 16:10:00 -0600,7424
2021-02-04 16:15:00 -0600,7334
2021-02-04 16:20:00 -0600,6398
2021-02-04 16:25:00 -0600,6653
2021-02-04 16:30:00 -0600,6569
2021-02-04 16:35:00 -0600,4984
2021-02-04 16:40:00 -0600,5190
2021-02-04 16:45:00 -0600,5121
2021-02-04 16:50:00 -0600,4491
2021-02-04 16:55:00 -0600,4686
2021-02-04 17:00:00 -0600,4644
2021-02-04 17:05:00 -0600,3505
2021-02-04 17:10:00 -0600,3738
2021-02-04 17:15:00 -0600,3697
2021-02-04 17:20:00 -0600,1323
2021-02-04 17:25:00 -0600,1337
2021-02-04 17:30:00 -0600,1323
2021-02-04 17:35:00 -0600,318
2021-02-04 17:40:00 -0600,297
2021-02-04 17:45:00 -0600,294
2021-02-04 17:50:00 -0600,10
2021-02-04 17:55:00 -0600,0
2021-02-04 18:00:00 -0600,0
2021-02-04 18:05:00 -0600,0
2021-02-04 18:10:00 -0600,0
2021-02-04 18:15:00 -0600,0
2021-02-04 18:20:00 -0600,0
2021-02-04 18:25:00 -0600,0
2021-02-04 18:30:00 -0600,0
2021-02-04 18:35:00 -0600,0
2021-02-04 18:40:00 -0600,0
2021-02-04 18:45:00 -0600,0
2021-02-04 18:50:00 -0600,0
2021-02-04 18:55:00 -0600,0
2021-02-04 19:00:00 -0600,0
2021-02-04 19:05:00 -0600,0
2021-02-04 19:10:00 -0600,0
2021-02-04 19:15:00 -0600,0
2021-02-04 19:20:00 -0600,0
2021-02-04 19:25:00 -0600,0
2021-02-04 19:30:00 -0600,0
2021-02-04 19:35:00 -0600,0
2021-02-04 19:40:00 -0600,0
2021-02-04 19:45:00 -0600,0
2021-02-04 19:50:00 -0600,0
2021-02-04 19:55:00 -0600,0
2021-02-04 20:00:00 -0600,0
2021-02-04 20:05:00 -0600,0
2021-02-04 20:10:00 -0600,0
2021-02-04 20:15:00 -0600,0
2021-02-04 20:20:00 -0600,0
2021-02-04 20:25:00 -0600,0
2021-02-04 20:30:00 -0600,0
2021-02-04 20:35:00 -0600,0
2021-02-04 20:40:00 -0600,0
2021-02-04 20:45:00 -0600,0
2021-02-04 20:50:00 -0600,0
2021-02-04 20:55:00 -0600,0
2021-02-04 21:00:00 -0600,0
2021-02-04 21:05:00 -0600,0
2021-02-04 21:10:00 -0600,0
2021-02-04 21:15:00 -0600,0
2021-02-04 21:20:00 -0600,0
2021-02-04 21:25:00 -0600,0
2021-02-04 21:30:00 -0600,0
2021-02-04 21:35:00 -0600,0
2021-02-04 21:40:00 -0600,0
2021-02-04 21:45:00 -0600,0
2021-02-04 21:50:00 -0600,0
2021-02-04 21:55:00 -0600,0
2021-02-04 22:00:00 -0600,0
2021-02-04 22:05:00 -0600,0
2021-02-04 22:10:00 -0600,0
2021-02-04 22:15:00 -0600,0
2021-02-04 22:20:00 -0600,0
2021-02-04 22:25:00 -0600,0
2021-02-04 22:30:00 -0600,0
2021-02-04 22:35:00 -0600,0
2021-02-04 22:40:00 -0600,0
2021-02-04 22:45:00 -0600,0
2021-02-04 22:50:00 -0600,0
2021-02-04 22:55:00 -0600,0
2021-02-04 23:00:00 -0600,0
2021-02-04 23:05:00 -0600,0
2021-02-04 23:10:00 -0600,0
2021-02-04 23:15:00 -0600,0
2021-02-04 23:20:00 -0600,0
2021-02-04 23:25:00 -0600,0
2021-02-04 23:30:00 -0600,0
2021-02-04 23:35:00 -0600,0
2021-02-04 23:40:00 -0600,0
2021-02-04 23:45:00 -0600,0
2021-02-04 23:50:00 -0600,0
2021-02-04 23:55:00 -0600,0
2021-02-05 00:00:00 -0600,0
2021-02-05 00:05:00 -0600,0
2021-02-05 00:10:00 -0600,0
2021-02-05 00:15:00 -0600,0
2021-02-05 00:20:00 -0600,0
2021-02-05 00:25:00 -0600,0
2021-02-05 00:30:00 -0600,0
2021-02-05 00:35:00 -0600,0
2021-02-05 00:40:00 -0600,88
2021-02-05 00:45:00 -0600,124
2021-02-05 00:50:00 -0600,124
2021-02-05 00:55:00 -0600,124
2021-02-05 01:00:00 -0600,124
2021-02-05 01:05:00 -0600,124
2021-02-05 01:10:00 -0600,124
2021-02-05 01:15:00 -0600,124
2021-02-05 01:20:00 -0600,124
2021-02-05 01:25:00 -0600,124
2021-02-05 01:30:00 -0600,124
2021-02-05 01:35:00 -0600,124
2021-02-05 01:40:00 -0600,124
2021-02-05 01:45:00 -0600,124
2021-02-05 01:50:00 -0600,124
2021-02-05 01:55:00 -0600,124
2021-02-05 02:00:00 -0600,124
2021-02-05 02:05:00 -0600,124
2021-02-05 02:10:00 -0600,124
2021-02-05 02:15:00 -0600,124
2021-02-05 02:20:00 -0600,124
2021-02-05 02:25:00 -0600,124
2021-02-05 02:30:00 -0600,124
2021-02-05 02:35:00 -0600,124
2021-02-05 02:40:00 -0600,124
2021-02-05 02:45:00 -0600,124
2021-02-05 02:50:00 -0600,124
2021-02-05 02:55:00 -0600,124
2021-02-05 03:00:00 -0600,124
2021-02-05 03:05:00 -0600,124
2021-02-05 03:10:00 -0600,124
2021-02-05 03:15:00 -0600,124
2021-02-05 03:20:00 -0600,124
2021-02-05 03:25:00 -0600,124
2021-02-05 03:30:00 -0600,124
2021-02-05 03:35:00 -0600,124
2021-02-05 03:40:00 -0600,124
2021-02-05 03:45:00 -0600,124
2021-02-05 03:50:00 -0600,124
2021-02-05 03:55:00 -0600,124
2021-02-05 04:00:00 -0600,124
2021-02-05 04:05:00 -0600,124
2021-02-05 04:10:00 -0600,124
2021-02-05 04:15:00 -0600,124
2021-02-05 04:20:00 -0600,124
2021-02-05 04:25:00 -0600,124
2021-02-05 04:30:00 -0600,124
2021-02-05 04:35:00 -0600,124
2021-02-05 04:40:00 -0600,124
2021-02-05 04:45:00 -0600,124
2021-02-05 04:50:00 -0600,124
2021-02-05 04:55:00 -0600,124
2021-02-05 05:00:00 -0600,124
2021-02-05 05:05:00 -0600,124
2021-02-05 05:10:00 -0600,124
2021-02-05 05:15:00 -0600,124
2021-02-05 05:20:00 -0600,124
2021-02-05 05:25:00 -0600,124
2021-02-05 05:30:00 -0600,124
2021-02-05 05:35:00 -0600,124
2021-02-05 05:40:00 -0600,124
2021-02-05 05:45:00 -0600,124
2021-02-05 05:50:00 -0600,124
2021-02-05 05:55:00 -0600,124
2021-02-05 06:00:00 -0600,124
2021-02-05 06:05:00 -0600,124
2021-02-05 06:10:00 -0600,124
2021-02-05 06:15:00 -0600,124
2021-02-05 06:20:00 -0600,124
2021-02-05 06:25:00 -0600,124
2021-02-05 06:30:00 -0600,124
2021-02-05 06:35:00 -0600,124
2021-02-05 06:40:00 -0600,124
2021-02-05 06:45:00 -0600,124
2021-02-05 06:50:00 -0600,124
2021-02-05 06:55:00 -0600,124
2021-02-05 07:00:00 -0600,124
2021-02-05 07:05:00 -0600,231
2021-02-05 07:10:00 -0600,400
2021-02-05 07:15:00 -0600,408
2021-02-05 07:20:00 -0600,855
2021-02-05 07:25:00 -0600,1480
2021-02-05 07:30:00 -0600,1480
2021-02-05 07:35:00 -0600,1689
2021-02-05 07:40:00 -0600,2135
2021-02-05 07:45:00 -0600,2135
2021-02-05 07:50:00 -0600,1730
2021-02-05 07:55:00 -0600,1545
2021-02-05 08:00:00 -0600,1545
2021-02-05 08:05:00 -0600,2391
2021-02-05 08:10:00 -0600,3416
2021-02-05 08:15:00 -0600,3416
2021-02-05 08:20:00 -0600,5107
2021-02-05 08:25:00 -0600,6492
2021-02-05 08:30:00 -0600,6492
2021-02-05 08:35:00 -0600,6456
2021-02-05 08:40:00 -0600,7059
2021-02-05 08:45:00 -0600,7059
2021-02-05 08:50:00 -0600,6909
2021-02-05 08:55:00 -0600,7455
2021-02-05 09:00:00 -0600,7455
2021-02-05 09:05:00 -0600,7268
2021-02-05 09:10:00 -0600,7823
2021-02-05 09:15:00 -0600,7823
2021-02-05 09:20:00 -0600,7564
2021-02-05 09:25:00 -0600,8160
2021-02-05 09:30:00 -0600,8160
2021-02-05 09:35:00 -0600,7864
2021-02-05 09:40:00 -0600,8461
2021-02-05 09:45:00 -0600,8461
2021-02-05 09:50:00 -0600,8012
2021-02-05 09:55:00 -0600,8560
2021-02-05 10:00:00 -0600,8560
2021-02-05 10:05:00 -0600,8110
2021-02-05 10:10:00 -0600,8644
2021-02-05 10:15:00 -0600,8644
2021-02-05 10:20:00 -0600,7670
2021-02-05 10:25:00 -0600,7883
2021-02-05 10:30:00 -0600,7883
2021-02-05 10:35:00 -0600,7295
2021-02-05 10:40:00 -0600,7778
2021-02-05 10:45:00 -0600,7778
2021-02-05 10:50:00 -0600,7068
2021-02-05 10:55:00 -0600,7288
2021-02-05 11:00:00 -0600,7288
2021-02-05 11:05:00 -0600,6362
2021-02-05 11:10:00 -0600,6404
2021-02-05 11:15:00 -0600,6404
2021-02-05 11:20:00 -0600,6538
2021-02-05 11:25:00 -0600,7344
2021-02-05 11:30:00 -0600,7344
2021-02-05 11:35:00 -0600,6109
2021-02-05 11:40:00 -0600,5913
2021-02-05 11:45:00 -0600,5913
2021-02-05 11:50:00 -0600,5892
2021-02-05 11:55:00 -0600,6647
2021-02-05 12:00:00 -0600,6647
2021-02-05 12:05:00 -0600,5872
2021-02-05 12:10:00 -0600,6057
2021-02-05 12:15:00 -0600,6057
2021-02-05 12:20:00 -0600,6188
2021-02-05 12:25:00 -0600,7037
2021-02-05 12:30:00 -0600,7037
2021-02-05 12:35:00 -0600,5773
2021-02-05 12:40:00 -0600,5640
2021-02-05 12:45:00 -0600,5640
2021-02-05 12:50:00 -0600,4911
2021-02-05 12:55:00 -0600,5087
2021-02-05 13:00:00 -0600,5087
2021-02-05 13:05:00 -0600,4221
2021-02-05 13:10:00 -0600,4160
2021-02-05 13:15:00 -0600,4160
2021-02-05 13:20:00 -0600,3601
2021-02-05 13:25:00 -0600,3814
2021-02-05 13:30:00 -0600,3814
2021-02-05 13:35:00 -0600,5194
2021-02-05 13:40:00 -0600,7133
2021-02-05 13:45:00 -0600,7133
2021-02-05 13:50:00 -0600,6812
2021-02-05 13:55:00 -0600,7653
2021-02-05 14:00:00 -0600,7653
2021-02-05 14:05:00 -0600,6948
2021-02-05 14:10:00 -0600,6834
2021-02-05 14:15:00 -0600,6834
2021-02-05 14:20:00 -0600,5301
2021-02-05 14:25:00 -0600,4758
2021-02-05 14:30:00 -0600,4758
2021-02-05 14:35:00 -0600,4479
2021-02-05 14:40:00 -0600,4980
2021-02-05 14:45:00 -0600,4980
2021-02-05 14:50:00 -0600,4496
2021-02-05 14:55:00 -0600,4844
2021-02-05 15:00:00 -0600,4844
2021-02-05 15:05:00 -0600,5589
2021-02-05 15:10:00 -0600,7090
2021-02-05 15:15:00 -0600,7090
2021-02-05 15:20:00 -0600,6265
2021-02-05 15:25:00 -0600,6521
2021-02-05 15:30:00 -0600,6521
2021-02-05 15:35:00 -0600,5437
2021-02-05 15:40:00 -0600,4718
2021-02-05 15:45:00 -0600,4718
2021-02-05 15:50:00 -0600,4174
2021-02-05 15:55:00 -0600,4411
2021-02-05 16:00:00 -0600,4411
2021-02-05 16:05:00 -0600,4864
2021-02-05 16:10:00 -0600,6011
2021-02-05 16:15:00 -0600,6011
2021-02-05 16:20:00 -0600,3417
2021-02-05 16:25:00 -0600,1100
2021-02-05 16:30:00 -0600,1100
2021-02-05 16:35:00 -0600,854
2021-02-05 16:40:00 -0600,709
2021-02-05 16:45:00 -0600,709
2021-02-05 16:50:00 -0600,620
2021-02-05 16:55:00 -0600,610
2021-02-05 17:00:00 -0600,610
2021-02-05 17:05:00 -0600,851
2021-02-05 17:10:00 -0600,1291
2021-02-05 17:15:00 -0600,1291
2021-02-05 17:20:00 -0600,870
2021-02-05 17:25:00 -0600,512
2021-02-05 17:30:00 -0600,512
2021-02-05 17:35:00 -0600,381
2021-02-05 17:40:00 -0600,258
2021-02-05 17:45:00 -0600,258
2021-02-05 17:50:00 -0600,135
2021-02-05 17:55:00 -0600,0
2021-02-05 18:00:00 -0600,0
2021-02-05 18:05:00 -0600,0
2021-02-05 18:10:00 -0600,0
2021-02-05 18:15:00 -0600,0
2021-02-05 18:20:00 -0600,0
2021-02-05 18:25:00 -0600,0
2021-02-05 18:30:00 -0600,0
2021-02-05 18:35:00 -0600,0
2021-02-05 18:40:00 -0600,0
2021-02-05 18:45:00 -0600,0
2021-02-05 18:50:00 -0600,0
2021-02-05 18:55:00 -0600,0
2021-02-05 19:00:00 -0600,0
2021-02-05 19:05:00 -0600,0
2021-02-05 19:10:00 -0600,0
2021-02-05 19:15:00 -0600,0
2021-02-05 19:20:00 -0600,0
2021-02-05 19:25:00 -0600,0
2021-02-05 19:30:00 -0600,0
2021-02-05 19:35:00 -0600,0
2021-02-05 19:40:00 -0600,0
2021-02-05 19:45:00 -0600,0
2021-02-05 19:50:00 -0600,0
2021-02-05 19:55:00 -0600,0
2021-02-05 20:00:00 -0600,0
2021-02-05 20:05:00 -0600,0
2021-02-05 20:10:00 -0600,0
2021-02-05 20:15:00 -0600,0
2021-02-05 20:20:00 -0600,0
2021-02-05 20:25:00 -0600,0
2021-02-05 20:30:00 -0600,0
2021-02-05 20:35:00 -0600,0
2021-02-05 20:40:00 -0600,0
2021-02-05 20:45:00 -0600,0
2021-02-05 20:50:00 -0600,0
2021-02-05 20:55:00 -0600,0
2021-02-05 21:00:00 -0600,0
2021-02-05 21:05:00 -0600,0
2021-02-05 21:10:00 -0600,0
2021-02-05 21:15:00 -0600,0
2021-02-05 21:20:00 -0600,0
2021-02-05 21:25:00 -0600,0
2021-02-05 21:30:00 -0600,0
2021-02-05 21:35:00 -0600,0
2021-02-05 21:40:00 -0600,0
2021-02-05 21:45:00 -0600,0
2021-02-05 21:50:00 -0600,0
2021-02-05 21:55:00 -0600,0
2021-02-05 22:00:00 -0600,0
2021-02-05 22:05:00 -0600,0
2021-02-05 22:10:00 -0600,0
2021-02-05 22:15:00 -0600,0
2021-02-05 22:20:00 -0600,0
2021-02-05 22:25:00 -0600,0
2021-02-05 22:30:00 -0600,0
2021-02-05 22:35:00 -0600,0
2021-02-05 22:40:00 -0600,0
2021-02-05 22:45:00 -0600,0
2021-02-05 22:50:00 -0600,0
2021-02-05 22:55:00 -0600,0
2021-02-05 23:00:00 -0600,0
2021-02-05 23:05:00 -0600,0
2021-02-05 23:10:00 -0600,0
2021-02-05 23:15:00 -0600,0
2021-02-05 23:20:00 -0600,0
2021-02-05 23:25:00 -0600,0
2021-02-05 23:30:00 -0600,0
2021-02-05 23:35:00 -0600,0
2021-02-05 23:40:00 -0600,0
2021-02-05 23:45:00 -0600,0
2021-02-05 23:50:00 -0600,0
2021-02-05 23:55:00 -0600,0
2021-02-06 00:00:00 -0600,0
2021-02-06 00:05:00 -0600,0
2021-02-06 00:10:00 -0600,0
2021-02-06 00:15:00 -0600,0
2021-02-06 00:20:00 -0600,0
2021-02-06 00:25:00 -0600,0
2021-02-06 00:30:00 -0600,0
2021-02-06 00:35:00 -0600,0
2021-02-06 00:40:00 -0600,0
2021-02-06 00:45:00 -0600,0
2021-02-06 00:50:00 -0600,0
2021-02-06 00:55:00 -0600,0
2021-02-06 01:00:00 -0600,0
2021-02-06 01:05:00 -0600,0
2021-02-06 01:10:00 -0600,0
2021-02-06 01:15:00 -0600,0
2021-02-06 01:20:00 -0600,0
2021-02-06 01:25:00 -0600,51
2021-02-06 01:30:00 -0600,62
2021-02-06 01:35:00 -0600,62
2021-02-06 01:40:00 -0600,62
2021-02-06 01:45:00 -0600,62
2021-02-06 01:50:00 -0600,62
2021-02-06 01:55:00 -0600,62
2021-02-06 02:00:00 -0600,62
2021-02-06 02:05:00 -0600,62
2021-02-06 02:10:00 -0600,62
2021-02-06 02:15:00 -0600,62
2021-02-06 02:20:00 -0600,62
2021-02-06 02:25:00 -0600,62
2021-02-06 02:30:00 -0600,62
2021-02-06 02:35:00 -0600,62
2021-02-06 02:40:00 -0600,62
2021-02-06 02:45:00 -0600,62
2021-02-06 02:50:00 -0600,62
2021-02-06 02:55:00 -0600,62
2021-02-06 03:00:00 -0600,62
2021-02-06 03:05:00 -0600,62
2021-02-06 03:10:00 -0600,62
2021-02-06 03:15:00 -0600,62
2021-02-06 03:20:00 -0600,62
2021-02-06 03:25:00 -0600,62
2021-02-06 03:30:00 -0600,62
2021-02-06 03:35:00 -0600,62
2021-02-06 03:40:00 -0600,62
2021-02-06 03:45:00 -0600,62
2021-02-06 03:50:00 -0600,62
2021-02-06 03:55:00 -0600,62
2021-02-06 04:00:00 -0600,62
2021-02-06 04:05:00 -0600,62
2021-02-06 04:10:00 -0600,62
2021-02-06 04:15:00 -0600,62
2021-02-06 04:20:00 -0600,62
2021-02-06 04:25:00 -0600,62
2021-02-06 04:30:00 -0600,62
2021-02-06 04:35:00 -0600,62
2021-02-06 04:40:00 -0600,62
2021-02-06 04:45:00 -0600,62
2021-02-06 04:50:00 -0600,62
2021-02-06 04:55:00 -0600,62
2021-02-06 05:00:00 -0600,62
2021-02-06 05:05:00 -0600,62
2021-02-06 05:10:00 -0600,62
2021-02-06 05:15:00 -0600,62
2021-02-06 05:20:00 -0600,62
2021-02-06 05:25:00 -0600,62
2021-02-06 05:30:00 -0600,62
2021-02-06 05:35:00 -0600,62
2021-02-06 05:40:00 -0600,62
2021-02-06 05:45:00 -0600,62
2021-02-06 05:50:00 -0600,62
2021-02-06 05:55:00 -0600,62
2021-02-06 06:00:00 -0600,62
2021-02-06 06:05:00 -0600,62
2021-02-06 06:10:00 -0600,62
2021-02-06 06:15:00 -0600,62
2021-02-06 06:20:00 -0600,62
2021-02-06 06:25:00 -0600,62
2021-02-06 06:30:00 -0600,62
2021-02-06 06:35:00 -0600,62
2021-02-06 06:40:00 -0600,62
2021-02-06 06:45:00 -0600,62
2021-02-06 06:50:00 -0600,62
2021-02-06 06:55:00 -0600,62
2021-02-06 07:00:00 -0600,62
2021-02-06 07:05:00 -0600,62
2021-02-06 07:10:00 -0600,62
2021-02-06 07:15:00 -0600,62
2021-02-06 07:20:00 -0600,71
2021-02-06 07:25:00 -0600,152
2021-02-06 07:30:00 -0600,180
2021-02-06 07:35:00 -0600,179
2021-02-06 07:40:00 -0600,216
2021-02-06 07:45:00 -0600,225
2021-02-06 07:50:00 -0600,225
2021-02-06 07:55:00 -0600,234
2021-02-06 08:00:00 -0600,234
2021-02-06 08:05:00 -0600,233
2021-02-06 08:10:00 -0600,411
2021-02-06 08:15:00 -0600,451
2021-02-06 08:20:00 -0600,441
2021-02-06 08:25:00 -0600,532
2021-02-06 08:30:00 -0600,532
2021-02-06 08:35:00 -0600,507
2021-02-06 08:40:00 -0600,583
2021-02-06 08:45:00 -0600,593
2021-02-06 08:50:00 -0600,568
2021-02-06 08:55:00 -0600,779
2021-02-06 09:00:00 -0600,779
2021-02-06 09:05:00 -0600,736
2021-02-06 09:10:00 -0600,869
2021-02-06 09:15:00 -0600,875
2021-02-06 09:20:00 -0600,802
2021-02-06 09:25:00 -0600,784
2021-02-06 09:30:00 -0600,784
2021-02-06 09:35:00 -0600,721
2021-02-06 09:40:00 -0600,495
2021-02-06 09:45:00 -0600,498
2021-02-06 09:50:00 -0600,462
2021-02-06 09:55:00 -0600,450
2021-02-06 10:00:00 -0600,450
2021-02-06 10:05:00 -0600,426
2021-02-06 10:10:00 -0600,533
2021-02-06 10:15:00 -0600,544
2021-02-06 10:20:00 -0600,519
2021-02-06 10:25:00 -0600,671
2021-02-06 10:30:00 -0600,671
2021-02-06 10:35:00 -0600,628
2021-02-06 10:40:00 -0600,696
2021-02-06 10:45:00 -0600,712
2021-02-06 10:50:00 -0600,674
2021-02-06 10:55:00 -0600,922
2021-02-06 11:00:00 -0600,933
2021-02-06 11:05:00 -0600,872
2021-02-06 11:10:00 -0600,846
2021-02-06 11:15:00 -0600,853
2021-02-06 11:20:00 -0600,801
2021-02-06 11:25:00 -0600,869
2021-02-06 11:30:00 -0600,876
2021-02-06 11:35:00 -0600,815
2021-02-06 11:40:00 -0600,703
2021-02-06 11:45:00 -0600,709
2021-02-06 11:50:00 -0600,667
2021-02-06 11:55:00 -0600,676
2021-02-06 12:00:00 -0600,685
2021-02-06 12:05:00 -0600,644
2021-02-06 12:10:00 -0600,586
2021-02-06 12:15:00 -0600,591
2021-02-06 12:20:00 -0600,563
2021-02-06 12:25:00 -0600,712
2021-02-06 12:30:00 -0600,722
2021-02-06 12:35:00 -0600,684
2021-02-06 12:40:00 -0600,711
2021-02-06 12:45:00 -0600,722
2021-02-06 12:50:00 -0600,681
2021-02-06 12:55:00 -0600,667
2021-02-06 13:00:00 -0600,675
2021-02-06 13:05:00 -0600,637
2021-02-06 13:10:00 -0600,508
2021-02-06 13:15:00 -0600,514
2021-02-06 13:20:00 -0600,491
2021-02-06 13:25:00 -0600,460
2021-02-06 13:30:00 -0600,468
2021-02-06 13:35:00 -0600,447
2021-02-06 13:40:00 -0600,439
2021-02-06 13:45:00 -0600,447
2021-02-06 13:50:00 -0600,428
2021-02-06 13:55:00 -0600,425
2021-02-06 14:00:00 -0600,433
2021-02-06 14:05:00 -0600,420
2021-02-06 14:10:00 -0600,459
2021-02-06 14:15:00 -0600,471
2021-02-06 14:20:00 -0600,453
2021-02-06 14:25:00 -0600,492
2021-02-06 14:30:00 -0600,503
2021-02-06 14:35:00 -0600,488
2021-02-06 14:40:00 -0600,548
2021-02-06 14:45:00 -0600,564
2021-02-06 14:50:00 -0600,544
2021-02-06 14:55:00 -0600,516
2021-02-06 15:00:00 -0600,529
2021-02-06 15:05:00 -0600,514
2021-02-06 15:10:00 -0600,531
2021-02-06 15:15:00 -0600,549
2021-02-06 15:20:00 -0600,532
2021-02-06 15:25:00 -0600,535
2021-02-06 15:30:00 -0600,550
2021-02-06 15:35:00 -0600,535
2021-02-06 15:40:00 -0600,576
2021-02-06 15:45:00 -0600,597
2021-02-06 15:50:00 -0600,578
2021-02-06 15:55:00 -0600,538
2021-02-06 16:00:00 -0600,556
2021-02-06 16:05:00 -0600,544
2021-02-06 16:10:00 -0600,537
2021-02-06 16:15:00 -0600,558
2021-02-06 16:20:00 -0600,542
2021-02-06 16:25:00 -0600,711
2021-02-06 16:30:00 -0600,741
2021-02-06 16:35:00 -0600,725
2021-02-06 16:40:00 -0600,643
2021-02-06 16:45:00 -0600,671
2021-02-06 16:50:00 -0600,658
2021-02-06 16:55:00 -0600,287
2021-02-06 17:00:00 -0600,293
2021-02-06 17:05:00 -0600,288
2021-02-06 17:10:00 -0600,190
2021-02-06 17:15:00 -0600,194
2021-02-06 17:20:00 -0600,192
2021-02-06 17:25:00 -0600,130
2021-02-06 17:30:00 -0600,132
2021-02-06 17:35:00 -0600,131
2021-02-06 17:40:00 -0600,6
2021-02-06 17:45:00 -0600,0
2021-02-06 17:50:00 -0600,0
2021-02-06 17:55:00 -0600,0
2021-02-06 18:00:00 -0600,0
2021-02-06 18:05:00 -0600,0
2021-02-06 18:10:00 -0600,0
2021-02-06 18:15:00 -0600,0
2021-02-06 18:20:00 -0600,0
2021-02-06 18:25:00 -0600,0
2021-02-06 18:30:00 -0600,0
2021-02-06 18:35:00 -0600,0
2021-02-06 18:40:00 -0600,0
2021-02-06 18:45:00 -0600,0
2021-02-06 18:50:00 -0600,0
2021-02-06 18:55:00 -0600,0
2021-02-06 19:00:00 -0600,0
2021-02-06 19:05:00 -0600,0
2021-02-06 19:10:00 -0600,0
2021-02-06 19:15:00 -0600,0
2021-02-06 19:20:00 -0600,0
2021-02-06 19:25:00 -0600,0
2021-02-06 19:30:00 -0600,0
2021-02-06 19:35:00 -0600,0
2021-02-06 19:40:00 -0600,0
2021-02-06 19:45:00 -0600,0
2021-02-06 19:50:00 -0600,0
2021-02-06 19:55:00 -0600,0
2021-02-06 20:00:00 -0600,0
2021-02-06 20:05:00 -0600,0
2021-02-06 20:10:00 -0600,0
2021-02-06 20:15:00 -0600,0
2021-02-06 20:20:00 -0600,0
2021-02-06 20:25:00 -0600,0
2021-02-06 20:30:00 -0600,0
2021-02-06 20:35:00 -0600,0
2021-02-06 20:40:00 -0600,0
2021-02-06 20:45:00 -0600,0
2021-02-06 20:50:00 -0600,0
2021-02-06 20:55:00 -0600,0
2021-02-06 21:00:00 -0600,0
2021-02-06 21:05:00 -0600,0
2021-02-06 21:10:00 -0600,0
2021-02-06 21:15:00 -0600,0
2021-02-06 21:20:00 -0600,0
2021-02-06 21:25:00 -0600,0
2021-02-06 21:30:00 -0600,0
2021-02-06 21:35:00 -0600,0
2021-02-06 21:40:00 -0600,0
2021-02-06 21:45:00 -0600,0
2021-02-06 21:50:00 -0600,0
2021-02-06 21:55:00 -0600,0
2021-02-06 22:00:00 -0600,0
2021-02-06 22:05:00 -0600,0
2021-02-06 22:10:00 -0600,0
2021-02-06 22:15:00 -0600,0
2021-02-06 22:20:00 -0600,0
2021-02-06 22:25:00 -0600,0
2021-02-06 22:30:00 -0600,0
2021-02-06 22:35:00 -0600,0
2021-02-06 22:40:00 -0600,0
2021-02-06 22:45:00 -0600,0
2021-02-06 22:50:00 -0600,0
2021-02-06 22:55:00 -0600,0
2021-02-06 23:00:00 -0600,0
2021-02-06 23:05:00 -0600,0
2021-02-06 23:10:00 -0600,0
2021-02-06 23:15:00 -0600,0
2021-02-06 23:20:00 -0600,0
2021-02-06 23:25:00 -0600,0
2021-02-06 23:30:00 -0600,0
2021-02-06 23:35:00 -0600,0
2021-02-06 23:40:00 -0600,0
2021-02-06 23:45:00 -0600,0
2021-02-06 23:50:00 -0600,0
2021-02-06 23:55:00 -0600,0
2021-02-07 00:00:00 -0600,0
2021-02-07 00:05:00 -0600,0
2021-02-07 00:10:00 -0600,0
2021-02-07 00:15:00 -0600,0
2021-02-07 00:20:00 -0600,0
2021-02-07 00:25:00 -0600,0
2021-02-07 00:30:00 -0600,0
2021-02-07 00:35:00 -0600,0
2021-02-07 00:40:00 -0600,0
2021-02-07 00:45:00 -0600,0
2021-02-07 00:50:00 -0600,0
2021-02-07 00:55:00 -0600,0
2021-02-07 01:00:00 -0600,0
2021-02-07 01:05:00 -0600,0
2021-02-07 01:10:00 -0600,0
2021-02-07 01:15:00 -0600,0
2021-02-07 01:20:00 -0600,0
2021-02-07 01:25:00 -0600,0
2021-02-07 01:30:00 -0600,0
2021-02-07 01:35:00 -0600,0
2021-02-07 01:40:00 -0600,0
2021-02-07 01:45:00 -0600,0
2021-02-07 01:50:00 -0600,0
2021-02-07 01:55:00 -0600,0
2021-02-07 02:00:00 -0600,0
2021-02-07 02:05:00 -0600,0
2021-02-07 02:10:00 -0600,0
2021-02-07 02:15:00 -0600,0
2021-02-07 02:20:00 -0600,0
2021-02-07 02:25:00 -0600,0
2021-02-07 02:30:00 -0600,0
2021-02-07 02:35:00 -0600,0
2021-02-07 02:40:00 -0600,0
2021-02-07 02:45:00 -0600,0
2021-02-07 02:50:00 -0600,0
2021-02-07 02:55:00 -0600,0
2021-02-07 03:00:00 -0600,0
2021-02-07 03:05:00 -0600,0
2021-02-07 03:10:00 -0600,0
2021-02-07 03:15:00 -0600,0
2021-02-07 03:20:00 -0600,0
2021-02-07 03:25:00 -0600,0
2021-02-07 03:30:00 -0600,0
2021-02-07 03:35:00 -0600,0
2021-02-07 03:40:00 -0600,0
2021-02-07 03:45:00 -0600,0
2021-02-07 03:50:00 -0600,0
2021-02-07 03:55:00 -0600,0
2021-02-07 04:00:00 -0600,0
2021-02-07 04:05:00 -0600,0
2021-02-07 04:10:00 -0600,0
2021-02-07 04:15:00 -0600,0
2021-02-07 04:20:00 -0600,0
2021-02-07 04:25:00 -0600,0
2021-02-07 04:30:00 -0600,0
2021-02-07 04:35:00 -0600,0
2021-02-07 04:40:00 -0600,0
2021-02-07 04:45:00 -0600,0
2021-02-07 04:50:00 -0600,0
2021-02-07 04:55:00 -0600,0
2021-02-07 05:00:00 -0600,0
2021-02-07 05:05:00 -0600,0
2021-02-07 05:10:00 -0600,0
2021-02-07 05:15:00 -0600,0
2021-02-07 05:20:00 -0600,0
2021-02-07 05:25:00 -0600,0
2021-02-07 05:30:00 -0600,0
2021-02-07 05:35:00 -0600,0
2021-02-07 05:40:00 -0600,0
2021-02-07 05:45:00 -0600,0
2021-02-07 05:50:00 -0600,0
2021-02-07 05:55:00 -0600,0
2021-02-07 06:00:00 -0600,0
2021-02-07 06:05:00 -0600,0
2021-02-07 06:10:00 -0600,0
2021-02-07 06:15:00 -0600,0
2021-02-07 06:20:00 -0600,0
2021-02-07 06:25:00 -0600,0
2021-02-07 06:30:00 -0600,0
2021-02-07 06:35:00 -0600,0
2021-02-07 06:40:00 -0600,0
2021-02-07 06:45:00 -0600,0
2021-02-07 06:50:00 -0600,0
2021-02-07 06:55:00 -0600,0
2021-02-07 07:00:00 -0600,0
2021-02-07 07:05:00 -0600,0
2021-02-07 07:10:00 -0600,0
2021-02-07 07:15:00 -0600,0
2021-02-07 07:20:00 -0600,0
2021-02-07 07:25:00 -0600,0
2021-02-07 07:30:00 -0600,0
2021-02-07 07:35:00 -0600,0
2021-02-07 07:40:00 -0600,13
2021-02-07 07:45:00 -0600,38
2021-02-07 07:50:00 -0600,39
2021-02-07 07:55:00 -0600,47
2021-02-07 08:00:00 -0600,65
2021-02-07 08:05:00 -0600,65
2021-02-07 08:10:00 -0600,71
2021-02-07 08:15:00 -0600,77
2021-02-07 08:20:00 -0600,77
2021-02-07 08:25:00 -0600,88
2021-02-07 08:30:00 -0600,111
2021-02-07 08:35:00 -0600,111
2021-02-07 08:40:00 -0600,129
2021-02-07 08:45:00 -0600,156
2021-02-07 08:50:00 -0600,156
2021-02-07 08:55:00 -0600,179
2021-02-07 09:00:00 -0600,217
2021-02-07 09:05:00 -0600,217
2021-02-07 09:10:00 -0600,212
2021-02-07 09:15:00 -0600,238
2021-02-07 09:20:00 -0600,238
2021-02-07 09:25:00 -0600,244
2021-02-07 09:30:00 -0600,281
2021-02-07 09:35:00 -0600,281
2021-02-07 09:40:00 -0600,314
2021-02-07 09:45:00 -0600,381
2021-02-07 09:50:00 -0600,381
2021-02-07 09:55:00 -0600,406
2021-02-07 10:00:00 -0600,480
2021-02-07 10:05:00 -0600,480
2021-02-07 10:10:00 -0600,447
2021-02-07 10:15:00 -0600,485
2021-02-07 10:20:00 -0600,485
2021-02-07 10:25:00 -0600,471
2021-02-07 10:30:00 -0600,530
2021-02-07 10:35:00 -0600,530
2021-02-07 10:40:00 -0600,470
2021-02-07 10:45:00 -0600,503
2021-02-07 10:50:00 -0600,503
2021-02-07 10:55:00 -0600,499
2021-02-07 11:00:00 -0600,565
2021-02-07 11:05:00 -0600,565
2021-02-07 11:10:00 -0600,548
2021-02-07 11:15:00 -0600,620
2021-02-07 11:20:00 -0600,620
2021-02-07 11:25:00 -0600,550
2021-02-07 11:30:00 -0600,588
2021-02-07 11:35:00 -0600,588
2021-02-07 11:40:00 -0600,524
2021-02-07 11:45:00 -0600,560
2021-02-07 11:50:00 -0600,560
2021-02-07 11:55:00 -0600,538
2021-02-07 12:00:00 -0600,604
2021-02-07 12:05:00 -0600,604
2021-02-07 12:10:00 -0600,571
2021-02-07 12:15:00 -0600,641
2021-02-07 12:20:00 -0600,641
2021-02-07 12:25:00 -0600,581
2021-02-07 12:30:00 -0600,628
2021-02-07 12:35:00 -0600,628
2021-02-07 12:40:00 -0600,612
2021-02-07 12:45:00 -0600,706
2021-02-07 12:50:00 -0600,706
2021-02-07 12:55:00 -0600,724
2021-02-07 13:00:00 -0600,857
2021-02-07 13:05:00 -0600,857
2021-02-07 13:10:00 -0600,652
2021-02-07 13:15:00 -0600,587
2021-02-07 13:20:00 -0600,587
2021-02-07 13:25:00 -0600,551
2021-02-07 13:30:00 -0600,613
2021-02-07 13:35:00 -0600,613
2021-02-07 13:40:00 -0600,563
2021-02-07 13:45:00 -0600,613
2021-02-07 13:50:00 -0600,613
2021-02-07 13:55:00 -0600,502
2021-02-07 14:00:00 -0600,493
2021-02-07 14:05:00 -0600,493
2021-02-07 14:10:00 -0600,424
2021-02-07 14:15:00 -0600,434
2021-02-07 14:20:00 -0600,434
2021-02-07 14:25:00 -0600,407
2021-02-07 14:30:00 -0600,453
2021-02-07 14:35:00 -0600,453
2021-02-07 14:40:00 -0600,395
2021-02-07 14:45:00 -0600,407
2021-02-07 14:50:00 -0600,407
2021-02-07 14:55:00 -0600,389
2021-02-07 15:00:00 -0600,438
2021-02-07 15:05:00 -0600,438
2021-02-07 15:10:00 -0600,353
2021-02-07 15:15:00 -0600,328
2021-02-07 15:20:00 -0600,328
2021-02-07 15:25:00 -0600,281
2021-02-07 15:30:00 -0600,283
2021-02-07 15:35:00 -0600,283
2021-02-07 15:40:00 -0600,253
2021-02-07 15:45:00 -0600,267
2021-02-07 15:50:00 -0600,267
2021-02-07 15:55:00 -0600,213
2021-02-07 16:00:00 -0600,191
2021-02-07 16:05:00 -0600,191
2021-02-07 16:10:00 -0600,169
2021-02-07 16:15:00 -0600,172
2021-02-07 16:20:00 -0600,172
2021-02-07 16:25:00 -0600,148
2021-02-07 16:30:00 -0600,145
2021-02-07 16:35:00 -0600,145
2021-02-07 16:40:00 -0600,115
2021-02-07 16:45:00 -0600,99
2021-02-07 16:50:00 -0600,99
2021-02-07 16:55:00 -0600,77
2021-02-07 17:00:00 -0600,64
2021-02-07 17:05:00 -0600,64
2021-02-07 17:10:00 -0600,43
2021-02-07 17:15:00 -0600,26
2021-02-07 17:20:00 -0600,26
2021-02-07 17:25:00 -0600,14
2021-02-07 17:30:00 -0600,0
2021-02-07 17:35:00 -0600,0
2021-02-07 17:40:00 -0600,0
2021-02-07 17:45:00 -0600,0
2021-02-07 17:50:00 -0600,0
2021-02-07 17:55:00 -0600,0
2021-02-07 18:00:00 -0600,0
2021-02-07 18:05:00 -0600,0
2021-02-07 18:10:00 -0600,0
2021-02-07 18:15:00 -0600,0
2021-02-07 18:20:00 -0600,0
2021-02-07 18:25:00 -0600,0
2021-02-07 18:30:00 -0600,0
2021-02-07 18:35:00 -0600,0
2021-02-07 18:40:00 -0600,0
2021-02-07 18:45:00 -0600,0
2021-02-07 18:50:00 -0600,0
2021-02-07 18:55:00 -0600,0
2021-02-07 19:00:00 -0600,0
2021-02-07 19:05:00 -0600,0
2021-02-07 19:10:00 -0600,0
2021-02-07 19:15:00 -0600,0
2021-02-07 19:20:00 -0600,0
2021-02-07 19:25:00 -0600,0
2021-02-07 19:30:00 -0600,0
2021-02-07 19:35:00 -0600,0
2021-02-07 19:40:00 -0600,0
2021-02-07 19:45:00 -0600,0
2021-02-07 19:50:00 -0600,0
2021-02-07 19:55:00 -0600,0
2021-02-07 20:00:00 -0600,0
2021-02-07 20:05:00 -0600,0
2021-02-07 20:10:00 -0600,0
2021-02-07 20:15:00 -0600,0
2021-02-07 20:20:00 -0600,0
2021-02-07 20:25:00 -0600,0
2021-02-07 20:30:00 -0600,0
2021-02-07 20:35:00 -0600,0
2021-02-07 20:40:00 -0600,0
2021-02-07 20:45:00 -0600,0
2021-02-07 20:50:00 -0600,0
2021-02-07 20:55:00 -0600,0
2021-02-07 21:00:00 -0600,0
2021-02-07 21:05:00 -0600,0
2021-02-07 21:10:00 -0600,0
2021-02-07 21:15:00 -0600,0
2021-02-07 21:20:00 -0600,0
2021-02-07 21:25:00 -0600,0
2021-02-07 21:30:00 -0600,0
2021-02-07 21:35:00 -0600,0
2021-02-07 21:40:00 -0600,0
2021-02-07 21:45:00 -0600,0
2021-02-07 21:50:00 -0600,0
2021-02-07 21:55:00 -0600,0
2021-02-07 22:00:00 -0600,0
2021-02-07 22:05:00 -0600,0
2021-02-07 22:10:00 -0600,0
2021-02-07 22:15:00 -0600,0
2021-02-07 22:20:00 -0600,0
2021-02-07 22:25:00 -0600,0
2021-02-07 22:30:00 -0600,0
2021-02-07 22:35:00 -0600,0
2021-02-07 22:40:00 -0600,0
2021-02-07 22:45:00 -0600,0
2021-02-07 22:50:00 -0600,0
2021-02-07 22:55:00 -0600,0
2021-02-07 23:00:00 -0600,0
2021-02-07 23:05:00 -0600,0
2021-02-07 23:10:00 -0600,0
2021-02-07 23:15:00 -0600,0
2021-02-07 23:20:00 -0600,0
2021-02-07 23:25:00 -0600,0
2021-02-07 23:30:00 -0600,0
2021-02-07 23:35:00 -0600,0
2021-02-07 23:40:00 -0600,0
2021-02-07 23:45:00 -0600,0
2021-02-07 23:50:00 -0600,0
2021-02-07 23:55:00 -0600,0
2021-02-08 00:00:00 -0600,0
